rs_id,hgvs_id,Drug,Interacting Gene/Enzyme,Allele name,Defining change,Adverse Reaction,Reference(s)
rs12762549,chr10:g.101620771C>G,DocetaxelDB01248,Canalicular multispecific organic anion transporter 1Gene symbol: ABCC2UniProt: Q92887,Not Available,G Allele,"Leukopenia, neutropenia",18294295
rs6413419,chr10:g.135345675A>G,IsoniazidDB00951,Cytochrome P450 2E1Gene symbol: CYP2E1UniProt: P05181,CYP2E1 *1A,"G Allele, homozygote",Hepatotoxicity,16770646
rs6413419,chr10:g.135345675G>A,IsoniazidDB00951,Cytochrome P450 2E1Gene symbol: CYP2E1UniProt: P05181,CYP2E1 *1A,"G Allele, homozygote",Hepatotoxicity,16770646
rs4244285,chr10:g.96541616A>C,ClobazamDB00349,Cytochrome P450 2C19Gene symbol: CYP2C19UniProt: P33261,CYP2C19*2,G > A/C,"Clobazem is metabolized into N-desmethylclobazem (NCLB) mostly by CYP3A4. NCLB is primarily metabolized by 2C19. Those with one 2C19*2 allele mutation (1*/2*) are intermediate metabolizers of NCLB. Those with two (2*/2*) mutations will metabolize NCLB poorly in comparisone to extensive metabolizers (1*/1*). Levels of NCLB can be five times higher in poor metabolizers, and two times higher in intermediate metabolizers as compared to individuals who are extensive metabolizers. The safety and efficacy of clobazem may be affected by polymorphic expression of CYP2C19*2.",15483195
rs4244285,chr10:g.96541616A>C,AmitriptylineDB00321,Cytochrome P450 2C19Gene symbol: CYP2C19UniProt: P33261,CYP2C19*2,G > A,Those with the AA or AG genotype are poor metabolizers of amitriptyline,20531370
rs7929521,chr11:g.20594783A>G,DaunorubicinDB00694,Inhibitor of nuclear factor kappa-B kinase subunit epsilonGene symbol: IKBKEUniProt: Q14164,Not Available,A allele,"Myelosuppression, cardiac toxicity, cytotoxicty",18451141
rs1042858,chr11:g.4159466A>G,GemcitabineDB00441,Ribonucleoside-diphosphate reductase large subunitGene symbol: RRM1UniProt: P23921,Not Available,G Allele,Neutropenia,17602053
rs1695,chr11:g.67352689A>G,FluorouracilDB00544,Glutathione S-transferase PGene symbol: GSTP1UniProt: P09211,Not Available,A allele,"Hematological toxicity, gastrointestinal toxicity",18540691
rs1695,chr11:g.67352689A>G,CisplatinDB00515,Glutathione S-transferase PGene symbol: GSTP1UniProt: P09211,Not Available,A allele,"Tinnitus, hearing impairment, Raynaud syndrome",18162130
rs2306283,chr12:g.21329738A>G,IrinotecanDB00762,Solute carrier organic anion transporter family member 1B1Gene symbol: SLCO1B1UniProt: Q9Y6L6,SLCO1B1*15,G Allele,"Diarrhea, leucopenia, neutropenia",17898662
rs2306283,chr12:g.21329738C>T,IrinotecanDB00762,Solute carrier organic anion transporter family member 1B1Gene symbol: SLCO1B1UniProt: Q9Y6L6,SLCO1B1*15,G Allele,"Diarrhea, leucopenia, neutropenia",17898662
rs4149056,chr12:g.21331549C>T,IrinotecanDB00762,Solute carrier organic anion transporter family member 1B1Gene symbol: SLCO1B1UniProt: Q9Y6L6,SLCO1B1*15,C Allele,"Diarrhea, leucopenia, neutropenia",17898662
rs4149056,chr12:g.21331549T>A,IrinotecanDB00762,Solute carrier organic anion transporter family member 1B1Gene symbol: SLCO1B1UniProt: Q9Y6L6,SLCO1B1*15,C Allele,"Diarrhea, leucopenia, neutropenia",17898662
rs4149056,chr12:g.21331549T>C,IrinotecanDB00762,Solute carrier organic anion transporter family member 1B1Gene symbol: SLCO1B1UniProt: Q9Y6L6,SLCO1B1*15,C Allele,"Diarrhea, leucopenia, neutropenia",17898662
rs4149056,chr12:g.21331549T>G,IrinotecanDB00762,Solute carrier organic anion transporter family member 1B1Gene symbol: SLCO1B1UniProt: Q9Y6L6,SLCO1B1*15,C Allele,"Diarrhea, leucopenia, neutropenia",17898662
rs5443,chr12:g.6954875C>T,ClozapineDB00363,Guanine nucleotide-binding protein G(I)/G(S)/G(T) subunit beta-3Gene symbol: GNB3UniProt: P16520,Not Available,TT allele,Schizophrenia patients taking this drug more more weight than patients with at least one rs5443(c) allele,16141801
rs762551,chr15:g.75041917A>C,LeflunomideDB01097,Cytochrome P450 1A2Gene symbol: CYP1A2UniProt: P05177,Not Available,C allele,"Diarrhea, vomiting, liver toxicity, headache, insomnia, rash, alopecia, hypertension, leucopenia, asthma",18496682
rs762551,chr15:g.75041917A>C,CaffeineDB00201,Cytochrome P450 1A2Gene symbol: CYP1A2UniProt: P05177,Not Available,C allele,Myocardial infarction,16522833
rs25531,chr17:g.28564346A>G,EscitalopramDB01175,Sodium-dependent serotonin transporterGene symbol: SLC6A4UniProt: P31645,Not Available,A allele,Increase risk of side effects (ie. headaches),19272758
rs429358,chr19:g.45411941C>T,AcitretinDB00459,Apolipoprotein EGene symbol: APOEUniProt: P02649,Not Available,C allele,Psoriasis,16433808
rs429358,chr19:g.45411941T>C,AcitretinDB00459,Apolipoprotein EGene symbol: APOEUniProt: P02649,Not Available,C allele,Psoriasis,16433808
rs7412,chr19:g.45412079C>T,AcitretinDB00459,Apolipoprotein EGene symbol: APOEUniProt: P02649,Not Available,C allele,Psoriasis,16433808
rs1801133,chr1:g.11856378C>T,MethotrexateDB00563,Methylenetetrahydrofolate reductaseGene symbol: MTHFRUniProt: P42898,Not Available,T allele,"Mucositis, hepatic toxicity, thrombocytopenia, alopecia",17488658
rs6603859,chr1:g.16706075G>T,DaunorubicinDB00694,SEC14-like protein 3Gene symbol: SEC14L3UniProt: Q9UDX4,Not Available,T allele,"Myelosuppression, cardiac toxicity, cytotoxicty",18451141
rs6025,chr1:g.169519049A>G,TamoxifenDB00675,Coagulation factor VGene symbol: F5UniProt: P12259,Not Available,A allele,Breast cancer patients taking tamoxifen as part of treatment regimine are more likely to experience a thromboembolic event.,20554945
rs6025,chr1:g.169519049G>A,TamoxifenDB00675,Coagulation factor VGene symbol: F5UniProt: P12259,Not Available,A allele,Breast cancer patients taking tamoxifen as part of treatment regimine are more likely to experience a thromboembolic event.,20554945
rs67376798,chr1:g.97547947A>T,FluorouracilDB00544,Dihydropyrimidine dehydrogenase [NADP(+)]Gene symbol: DPYDUniProt: Q12882,Not Available,T > A,Patients are at a higher risk of toxicity,23603345
rs3918290,chr1:g.97915614A>G,FluorouracilDB00544,Dihydropyrimidine dehydrogenase [NADP(+)]Gene symbol: DPYDUniProt: Q12882,Not Available,A allele,"Leukopenia, diarrhea, mucositis",18299612
rs1801159,chr1:g.97981395A>G,FluorouracilDB00544,Dihydropyrimidine dehydrogenase [NADP(+)]Gene symbol: DPYDUniProt: Q12882,Not Available,G allele,"Nausea, vomiting, reduced white cell count",17848752
rs1801265,chr1:g.98348885C>T,FluorouracilDB00544,Dihydropyrimidine dehydrogenase [NADP(+)]Gene symbol: DPYDUniProt: Q12882,Not Available,C allele,"Nausea, vomiting, reduced white cell count",17848752
rs1801265,chr1:g.98348885T>C,FluorouracilDB00544,Dihydropyrimidine dehydrogenase [NADP(+)]Gene symbol: DPYDUniProt: Q12882,Not Available,C allele,"Nausea, vomiting, reduced white cell count",17848752
rs713729,chr22:g.38455469A>T,MethamphetamineDB01577,PRKCA-binding proteinGene symbol: PICK1UniProt: Q9NRD5,Not Available,T allele,Methamphetamine psychosis and addiction,17606663
rs2076369,chr22:g.38463652G>T,MethamphetamineDB01577,PRKCA-binding proteinGene symbol: PICK1UniProt: Q9NRD5,Not Available,G allele,Methamphetamine psychosis and addiction,17606663
rs2075252,chr2:g.170010985A>G,CisplatinDB00515,Low-density lipoprotein receptor-related protein 2Gene symbol: LRP2UniProt: P98164,Not Available,A allele,Ototoxicity (hearing loss),17457342
rs231775,chr2:g.204732714A>G,CyclosporineDB00091,Cytotoxic T-lymphocyte protein 4Gene symbol: CTLA4UniProt: P16410,Not Available,A Allele,"Gingival overgrowth, periodontal disease",18021981
rs10932125,chr2:g.206652300C>G,DaunorubicinDB00694,Cytochrome P450 1B1Gene symbol: CYP1B1UniProt: Q16678,Not Available,G allele,"Myelosuppression, cardiac toxicity, cytotoxicty",18451141
rs7569963,chr2:g.208473184A>G,CitalopramDB00215,Cyclic AMP-responsive element-binding protein 1Gene symbol: CREB1UniProt: P16220,Not Available,A Allele,Elevated suicide risk,17548750
rs4675690,chr2:g.208507807C>T,CitalopramDB00215,Cyclic AMP-responsive element-binding protein 1Gene symbol: CREB1UniProt: P16220,Not Available,T Allele,Elevated suicide risk,17548750
rs17868323,chr2:g.234590970G>T,IrinotecanDB00762,UDP-glucuronosyltransferase 1-7Gene symbol: UGT1A7UniProt: Q9HAW7,Not Available,G allele,"Leukopenia, thrombpocytopenia",18349289
rs17868323,chr2:g.234590970T>G,IrinotecanDB00762,UDP-glucuronosyltransferase 1-7Gene symbol: UGT1A7UniProt: Q9HAW7,Not Available,G allele,"Leukopenia, thrombpocytopenia",18349289
rs17863778,chr2:g.234590974A>C,IrinotecanDB00762,UDP-glucuronosyltransferase 1-7Gene symbol: UGT1A7UniProt: Q9HAW7,Not Available,A allele,"Leukopenia, thrombpocytopenia",18349289
rs17868324,chr2:g.234590975A>G,IrinotecanDB00762,UDP-glucuronosyltransferase 1-7Gene symbol: UGT1A7UniProt: Q9HAW7,Not Available,A allele,"Leukopenia, thrombpocytopenia",18349289
rs17868324,chr2:g.234590975G>A,IrinotecanDB00762,UDP-glucuronosyltransferase 1-7Gene symbol: UGT1A7UniProt: Q9HAW7,Not Available,A allele,"Leukopenia, thrombpocytopenia",18349289
rs10929302,chr2:g.234665782A>G,IrinotecanDB00762,UDP-glucuronosyltransferase 1-1Gene symbol: UGT1A1UniProt: P22309,Not Available,A Allele,"Hematological toxicity, neutropenia",17510208
rs1801019,chr3:g.124456742C>G,FluorouracilDB00544,Uridine 5'-monophosphate synthaseGene symbol: UMPSUniProt: P11172,Not Available,C Allele,"Neutropenia, diarrhea",16818689
rs1801019,chr3:g.124456742G>C,FluorouracilDB00544,Uridine 5'-monophosphate synthaseGene symbol: UMPSUniProt: P11172,Not Available,C Allele,"Neutropenia, diarrhea",16818689
rs2228001,chr3:g.14187449A>C,CisplatinDB00515,DNA repair protein complementing XP-C cellsGene symbol: XPCUniProt: Q01831,Not Available,G > T,Those with the GG or GT genotpe have an increase risk of adverse effects,21047201
rs2228001,chr3:g.14187449C>A,CisplatinDB00515,DNA repair protein complementing XP-C cellsGene symbol: XPCUniProt: Q01831,Not Available,G > T,Those with the GG or GT genotpe have an increase risk of adverse effects,21047201
rs2231142,chr4:g.89052323A>C,GefitinibDB00317,ATP-binding cassette sub-family G member 2Gene symbol: ABCG2UniProt: Q9UNQ0,Not Available,A Allele,Diarrhea,17148776
rs2231142,chr4:g.89052323A>C,GefitinibDB00317,ATP-binding cassette sub-family G member 2Gene symbol: ABCG2UniProt: Q9UNQ0,Not Available,A allele,"In non-small lung cancer patients, those that are heterozygous (ABCG2 421C>A) have a higher risk of diarrhea.",17148776
rs2231142,chr4:g.89052323C>A,GefitinibDB00317,ATP-binding cassette sub-family G member 2Gene symbol: ABCG2UniProt: Q9UNQ0,Not Available,A allele,"In non-small lung cancer patients, those that are heterozygous (ABCG2 421C>A) have a higher risk of diarrhea.",17148776
rs2231142,chr4:g.89052323C>A,GefitinibDB00317,ATP-binding cassette sub-family G member 2Gene symbol: ABCG2UniProt: Q9UNQ0,Not Available,A Allele,Diarrhea,17148776
rs2231142,chr4:g.89052323C>G,GefitinibDB00317,ATP-binding cassette sub-family G member 2Gene symbol: ABCG2UniProt: Q9UNQ0,Not Available,A allele,"In non-small lung cancer patients, those that are heterozygous (ABCG2 421C>A) have a higher risk of diarrhea.",17148776
rs2231142,chr4:g.89052323C>G,GefitinibDB00317,ATP-binding cassette sub-family G member 2Gene symbol: ABCG2UniProt: Q9UNQ0,Not Available,A Allele,Diarrhea,17148776
rs730012,chr5:g.179220638A>C,Acetylsalicylic acidDB00945,Leukotriene C4 synthaseGene symbol: LTC4SUniProt: Q16873,Not Available,C allele,Aspirin-induced urticaria,16433794
rs2518224,chr6:g.101906652A>C,CitalopramDB00215,"Glutamate receptor ionotropic, kainate 2Gene symbol: GRIK2UniProt: Q13002",Not Available,"C Allele, homozygote",Increased suicidal thoughts,17898344
rs1142345,chr6:g.18130918A>G,AzathioprineDB00993,Thiopurine S-methyltransferaseGene symbol: TPMTUniProt: P51580,TMPT*3C,G Allele,Hepatotoxicity,16509759
rs1142345,chr6:g.18130918A>G,MercaptopurineDB01033,Thiopurine S-methyltransferaseGene symbol: TPMTUniProt: P51580,TMPT*3C,G Allele,Hepatotoxicity,16509759
rs1142345,chr6:g.18130918A>G,AzathioprineDB00993,Thiopurine S-methyltransferaseGene symbol: TPMTUniProt: P51580,TPMT*3C,T > C,Patients with CC or CT genotype have decreased inactivation of thiopurines and increased risk of toxicity,22846425
rs1142345,chr6:g.18130918A>G,AzathioprineDB00993,Thiopurine S-methyltransferaseGene symbol: TPMTUniProt: P51580,TPMT*3C,T > C,Patients with CC or CT genotype have decreased inactivation of thiopurines and increased risk of toxicity,9103127
rs1800460,chr6:g.18139228A>G,AzathioprineDB00993,Thiopurine S-methyltransferaseGene symbol: TPMTUniProt: P51580,TMPT*3A,A Allele,Hepatotoxicity,16509759
rs1800460,chr6:g.18139228A>G,MercaptopurineDB01033,Thiopurine S-methyltransferaseGene symbol: TPMTUniProt: P51580,TMPT*3A,A Allele,Hepatotoxicity,16509759
rs1800460,chr6:g.18139228G>A,MercaptopurineDB01033,Thiopurine S-methyltransferaseGene symbol: TPMTUniProt: P51580,TMPT*3A,A Allele,Hepatotoxicity,16509759
rs1800460,chr6:g.18139228G>A,AzathioprineDB00993,Thiopurine S-methyltransferaseGene symbol: TPMTUniProt: P51580,TMPT*3A,A Allele,Hepatotoxicity,16509759
rs1800462,chr6:g.18143955C>G,MercaptopurineDB01033,Thiopurine S-methyltransferaseGene symbol: TPMTUniProt: P51580,TMPT*2,G Allele,Hepatotoxicity,16509759
rs1800462,chr6:g.18143955C>G,AzathioprineDB00993,Thiopurine S-methyltransferaseGene symbol: TPMTUniProt: P51580,TMPT*2,G Allele,Hepatotoxicity,16509759
rs1800462,chr6:g.18143955G>C,AzathioprineDB00993,Thiopurine S-methyltransferaseGene symbol: TPMTUniProt: P51580,TMPT*2,G Allele,Hepatotoxicity,16509759
rs1800462,chr6:g.18143955G>C,MercaptopurineDB01033,Thiopurine S-methyltransferaseGene symbol: TPMTUniProt: P51580,TMPT*2,G Allele,Hepatotoxicity,16509759
rs1264511,chr6:g.30413972C>G,CarbamazepineDB00564,"HLA class I histocompatibility antigen, A-31 alpha chainGene symbol: HLA-AUniProt: P16189",Not Available,G allele,Macropapular eruption,16538176
rs3909184,chr6:g.30699384C>G,CarbamazepineDB00564,Flotillin-1Gene symbol: FLOT1UniProt: O75955,HLA-B*1502,G > C,Patients with the CG or GG genotype (in Asian patients) were at a higher risk of Steven-Johnson Syndrome compared to those with the CC genotype (non-carriers of HLA-b*1502),15057820
rs3909184,chr6:g.30699384C>G,CarbamazepineDB00564,Flotillin-1Gene symbol: FLOT1UniProt: O75955,HLA-B*1502,G > C,Patients with the CG or GG genotype (in Asian patients) were at a higher risk of Steven-Johnson Syndrome compared to those with the CC genotype (non-carriers of HLA-b*1502),18637831
rs2844682,chr6:g.30946148C>T,CarbamazepineDB00564,Mucin-21Gene symbol: MUC21UniProt: Q5SSG8,HLA-B*1502,G>A,Patients with the AG or GG genotype (in Asian patients) were at a higher risk of Steven-Johnson Syndrome compared to those with the AA genotype,15057820
rs2844682,chr6:g.30946148C>T,CarbamazepineDB00564,Mucin-21Gene symbol: MUC21UniProt: Q5SSG8,HLA-B*1502,G>A,Patients with the AG or GG genotype (in Asian patients) were at a higher risk of Steven-Johnson Syndrome compared to those with the AA genotype,18637831
rs3130690,chr6:g.31285935A>C,CarbamazepineDB00564,"HLA class I histocompatibility antigen, B-15 alpha chainGene symbol: HLA-BUniProt: P30464",Not Available,T allele,"Stevens-Johnson syndrome (SJS), toxic epidermal necrolysis",16538176
rs2395029,chr6:g.31431780G>T,AbacavirDB01048,HLA class I histocompatibility antigen protein P5Gene symbol: HCP5UniProt: Q6MZN7,HLA-B*5701,G allele,Presence of this SNP is predicative of hypersenitivity reaction when abacavir is given to HIV+ patients.,18684101
rs2227956,chr6:g.31778272C>T,CarbamazepineDB00564,Heat shock 70 kDa protein 1-likeGene symbol: HSPA1LUniProt: P34931,Not Available,T allele,"Hypersensitivity reaction, mild erythematous skin rashes, macropapular eruption, Stevens-Johnson syndrome (SJS), toxic epidermal necrolysis",16538175
rs1043620,chr6:g.31783755C>T,CarbamazepineDB00564,Heat shock 70 kDa protein 1A/1BGene symbol: HSPA1AUniProt: P08107,Not Available,C allele,"Hypersensitivity reaction, mild erythematous skin rashes, macropapular eruption, Stevens-Johnson syndrome (SJS), toxic epidermal necrolysis",16538175
rs2894342,chr6:g.33774394G>T,CarbamazepineDB00564,PromotilinGene symbol: MLNUniProt: P12872,Not Available,A allele,Hypersensitivity syndrome,16538176
rs2395029,chr6_cox_hap2:g.2941434G>T,AbacavirDB01048,HLA class I histocompatibility antigen protein P5Gene symbol: HCP5UniProt: Q6MZN7,HLA-B*5701,G allele,Presence of this SNP is predicative of hypersenitivity reaction when abacavir is given to HIV+ patients.,18684101
rs2395029,chr6_ssto_hap7:g.2762550G>T,AbacavirDB01048,HLA class I histocompatibility antigen protein P5Gene symbol: HCP5UniProt: Q6MZN7,HLA-B*5701,G allele,Presence of this SNP is predicative of hypersenitivity reaction when abacavir is given to HIV+ patients.,18684101
rs1045642,chr7:g.87138645C>T,AmitriptylineDB00321,Multidrug resistance protein 1Gene symbol: ABCB1UniProt: P08183,Not Available,"T Allele, homozygous",Postural hypotension,12082591
rs1045642,chr7:g.87138645C>T,NortriptylineDB00540,Multidrug resistance protein 1Gene symbol: ABCB1UniProt: P08183,Not Available,"T Allele, homozygous",Postural hypotension,12082591
rs2032582,chr7:g.87160618A>G,TacrolimusDB00864,Multidrug resistance protein 1Gene symbol: ABCB1UniProt: P08183,Not Available,T Allele (G2677T),Increased risk of neurotoxicity,12352921
rs2032582,chr7:g.87160618T>A,TacrolimusDB00864,Multidrug resistance protein 1Gene symbol: ABCB1UniProt: P08183,Not Available,T Allele (G2677T),Increased risk of neurotoxicity,12352921
rs2032582,chr7:g.87160618T>G,TacrolimusDB00864,Multidrug resistance protein 1Gene symbol: ABCB1UniProt: P08183,Not Available,T Allele (G2677T),Increased risk of neurotoxicity,12352921
rs3750518,chr9:g.139982868A>G,DaunorubicinDB00694,Heterogeneous nuclear ribonucleoprotein D0Gene symbol: HNRNPDUniProt: Q14103,Not Available,A allele,"Myelosuppression, cardiac toxicity, cytotoxicty",18451141
rs4825476,chrX:g.122441479A>G,CitalopramDB00215,Glutamate receptor 3Gene symbol: GRIA3UniProt: P42263,Not Available,"G Allele, homozygote",Increased suicidal thoughts,17898344
Not Available,,AbciximabDB00054,Integrin beta-3Gene symbol: ITGB3UniProt: P05106,GPIIIa PlA2,A2 Allele,Associated with greater restenosis and risk for subacute coronary thrombosis in patients administered antiplatelet therapy.,10732888
Not Available,,AmiodaroneDB01118,Potassium voltage-gated channel subfamily H member 2Gene symbol: KCNH2UniProt: Q12809,MiRP1,KCNE2,"Channels formed with mutant MiRP1 subunits and HERG showed slower activation, faster deactivation, and increased drug sensitivity and is associated with cardiac arrhythmia.",10219239
Not Available,,CisplatinDB00515,Glutathione S-transferase Mu 1Gene symbol: GSTM1UniProt: P09488,GSTM1,presence,"Tinnitus, hearing impairment, Raynaud syndrome",18162130
Not Available,,MethotrexateDB00563,Canalicular multispecific organic anion transporter 1Gene symbol: ABCC2UniProt: Q92887,ABCC2 IVS 23+56,T allele,General toxicity (gastrointestinal and hepatotoxicity),18381794
rs1801200,,TrastuzumabDB00072,Receptor tyrosine-protein kinase erbB-2Gene symbol: ERBB2UniProt: P04626,Not Available,"G Allele, heterozygote",Cardiotoxicity,17693647
rs3177016,,GemcitabineDB00441,Ribonucleoside-diphosphate reductase large subunitGene symbol: RRM1UniProt: P23921,Not Available,A Allele,Neutropenia,17602053
rs34743033,,FluorouracilDB00544,Thymidylate synthaseGene symbol: TYMSUniProt: P04818,TSER*2,Not Available,"Neutropenia, diarrhea",16818689
rs3892097,,AmitriptylineDB00321,Cytochrome P450 2D6Gene symbol: CYP2D6UniProt: P10635,CYP2D6*4,C > T,Increase risk of side effects and decrease drug metabolism,18070221
rs3892097,,AmitriptylineDB00321,Cytochrome P450 2D6Gene symbol: CYP2D6UniProt: P10635,CYP2D6*4,C > T,Increase risk of side effects and decrease drug metabolism,9918137
rs3892097,,ClomipramineDB01242,Cytochrome P450 2D6Gene symbol: CYP2D6UniProt: P10635,CYP2D6*4,C > T,Those that are homozygous for the poorly metabolizing CYP2D6 alleles are at an increased risk of side effects and decrease drug metabolism,18070221
rs3892097,,ClomipramineDB01242,Cytochrome P450 2D6Gene symbol: CYP2D6UniProt: P10635,CYP2D6*4,C > T,Those that are homozygous for the poorly metabolizing CYP2D6 alleles are at an increased risk of side effects and decrease drug metabolism,9918137
rs3892097,,ImipramineDB00458,Cytochrome P450 2D6Gene symbol: CYP2D6UniProt: P10635,CYP2D6*4,C > T,Those that are homozygous for the poorly metabolizing CYP2D6 alleles are at an increased risk of side effects and decrease drug metabolism,18070221
rs3892097,,ImipramineDB00458,Cytochrome P450 2D6Gene symbol: CYP2D6UniProt: P10635,CYP2D6*4,C > T,Those that are homozygous for the poorly metabolizing CYP2D6 alleles are at an increased risk of side effects and decrease drug metabolism,9918137
rs3892097,,MetoprololDB00264,Cytochrome P450 2D6Gene symbol: CYP2D6UniProt: P10635,CYP2D6*4,A allele,Increased risk of slow heart rate (bradycardia),18784654
rs3892097,,VenlafaxineDB00285,Cytochrome P450 2D6Gene symbol: CYP2D6UniProt: P10635,CYP2D6*6,A allele,"Nausea, vomiting diarrhea",16958828
rs4668123,,CisplatinDB00515,Low-density lipoprotein receptor-related protein 2Gene symbol: LRP2UniProt: P98164,Not Available,T allele,Ototoxicity (hearing loss),17457342
rs5030655,,VenlafaxineDB00285,Cytochrome P450 2D6Gene symbol: CYP2D6UniProt: P10635,CYP2D6*4,del T allele,"Nausea, vomiting diarrhea",16958828
rs506770,,CarbamazepineDB00564,Heat shock 70 kDa protein 1A/1BGene symbol: HSPA1AUniProt: P08107,Not Available,C allele,"Hypersensitivity reaction, mild erythematous skin rashes, macropapular eruption, Stevens-Johnson syndrome (SJS), toxic epidermal necrolysis",16538175
rs8175347,,IrinotecanDB00762,UDP-glucuronosyltransferase 1-1Gene symbol: UGT1A1UniProt: P22309,UGT1A1*28 or UGT1A 7/7,extra TA in promoter,"Leukopenia, thrombpocytopenia",17681105
